Session,Date,Coalition,Opposition
ParlaMint-BG-en_2014-10-27-meta.tsv,2014-10-27,0,0
ParlaMint-BG-en_2014-10-29-meta.tsv,2014-10-29,0,0
ParlaMint-BG-en_2014-10-30-meta.tsv,2014-10-30,0,0
ParlaMint-BG-en_2014-10-31-meta.tsv,2014-10-31,0,0
ParlaMint-BG-en_2014-11-05-meta.tsv,2014-11-05,0,0
ParlaMint-BG-en_2014-11-06-meta.tsv,2014-11-06,0,0
ParlaMint-BG-en_2014-11-07-meta.tsv,2014-11-07,13,15
ParlaMint-BG-en_2014-11-12-meta.tsv,2014-11-12,9,11
ParlaMint-BG-en_2014-11-14-meta.tsv,2014-11-14,15,9
ParlaMint-BG-en_2014-11-18-meta.tsv,2014-11-18,26,19
ParlaMint-BG-en_2014-11-19-meta.tsv,2014-11-19,17,20
ParlaMint-BG-en_2014-11-20-meta.tsv,2014-11-20,19,24
ParlaMint-BG-en_2014-11-21-meta.tsv,2014-11-21,18,18
ParlaMint-BG-en_2014-11-26-meta.tsv,2014-11-26,12,10
ParlaMint-BG-en_2014-11-27-meta.tsv,2014-11-27,6,8
ParlaMint-BG-en_2014-11-28-meta.tsv,2014-11-28,11,12
ParlaMint-BG-en_2014-12-03-meta.tsv,2014-12-03,16,11
ParlaMint-BG-en_2014-12-04-meta.tsv,2014-12-04,10,16
ParlaMint-BG-en_2014-12-05-meta.tsv,2014-12-05,13,8
ParlaMint-BG-en_2014-12-08-meta.tsv,2014-12-08,31,21
ParlaMint-BG-en_2014-12-09-meta.tsv,2014-12-09,20,16
ParlaMint-BG-en_2014-12-10-meta.tsv,2014-12-10,16,13
ParlaMint-BG-en_2014-12-11-meta.tsv,2014-12-11,9,6
ParlaMint-BG-en_2014-12-12-meta.tsv,2014-12-12,15,15
ParlaMint-BG-en_2014-12-17-meta.tsv,2014-12-17,18,22
ParlaMint-BG-en_2014-12-18-meta.tsv,2014-12-18,18,18
ParlaMint-BG-en_2014-12-19-meta.tsv,2014-12-19,26,37
ParlaMint-BG-en_2015-01-14-meta.tsv,2015-01-14,12,12
ParlaMint-BG-en_2015-01-15-meta.tsv,2015-01-15,19,9
ParlaMint-BG-en_2015-01-16-meta.tsv,2015-01-16,4,12
ParlaMint-BG-en_2015-01-21-meta.tsv,2015-01-21,16,10
ParlaMint-BG-en_2015-01-22-meta.tsv,2015-01-22,15,14
ParlaMint-BG-en_2015-01-23-meta.tsv,2015-01-23,15,16
ParlaMint-BG-en_2015-01-28-meta.tsv,2015-01-28,14,9
ParlaMint-BG-en_2015-01-29-meta.tsv,2015-01-29,14,9
ParlaMint-BG-en_2015-01-30-meta.tsv,2015-01-30,8,10
ParlaMint-BG-en_2015-02-04-meta.tsv,2015-02-04,14,17
ParlaMint-BG-en_2015-02-05-meta.tsv,2015-02-05,23,17
ParlaMint-BG-en_2015-02-06-meta.tsv,2015-02-06,11,16
ParlaMint-BG-en_2015-02-11-meta.tsv,2015-02-11,15,25
ParlaMint-BG-en_2015-02-12-meta.tsv,2015-02-12,9,13
ParlaMint-BG-en_2015-02-13-meta.tsv,2015-02-13,9,12
ParlaMint-BG-en_2015-02-17-meta.tsv,2015-02-17,23,28
ParlaMint-BG-en_2015-02-18-meta.tsv,2015-02-18,17,18
ParlaMint-BG-en_2015-02-19-meta.tsv,2015-02-19,18,15
ParlaMint-BG-en_2015-02-20-meta.tsv,2015-02-20,19,24
ParlaMint-BG-en_2015-02-25-meta.tsv,2015-02-25,15,19
ParlaMint-BG-en_2015-02-26-meta.tsv,2015-02-26,20,12
ParlaMint-BG-en_2015-02-27-meta.tsv,2015-02-27,19,12
ParlaMint-BG-en_2015-03-04-meta.tsv,2015-03-04,18,18
ParlaMint-BG-en_2015-03-05-meta.tsv,2015-03-05,18,11
ParlaMint-BG-en_2015-03-06-meta.tsv,2015-03-06,12,13
ParlaMint-BG-en_2015-03-11-meta.tsv,2015-03-11,14,18
ParlaMint-BG-en_2015-03-12-meta.tsv,2015-03-12,16,17
ParlaMint-BG-en_2015-03-13-meta.tsv,2015-03-13,13,14
ParlaMint-BG-en_2015-03-18-meta.tsv,2015-03-18,14,10
ParlaMint-BG-en_2015-03-19-meta.tsv,2015-03-19,16,22
ParlaMint-BG-en_2015-03-20-meta.tsv,2015-03-20,14,14
ParlaMint-BG-en_2015-03-25-meta.tsv,2015-03-25,8,13
ParlaMint-BG-en_2015-03-26-meta.tsv,2015-03-26,17,17
ParlaMint-BG-en_2015-03-27-meta.tsv,2015-03-27,16,13
ParlaMint-BG-en_2015-04-01-meta.tsv,2015-04-01,18,16
ParlaMint-BG-en_2015-04-02-meta.tsv,2015-04-02,10,15
ParlaMint-BG-en_2015-04-03-meta.tsv,2015-04-03,18,15
ParlaMint-BG-en_2015-04-08-meta.tsv,2015-04-08,17,13
ParlaMint-BG-en_2015-04-09-meta.tsv,2015-04-09,16,15
ParlaMint-BG-en_2015-04-22-meta.tsv,2015-04-22,15,10
ParlaMint-BG-en_2015-04-23-meta.tsv,2015-04-23,12,4
ParlaMint-BG-en_2015-04-24-meta.tsv,2015-04-24,15,20
ParlaMint-BG-en_2015-04-29-meta.tsv,2015-04-29,10,19
ParlaMint-BG-en_2015-04-30-meta.tsv,2015-04-30,11,9
ParlaMint-BG-en_2015-05-07-meta.tsv,2015-05-07,12,12
ParlaMint-BG-en_2015-05-08-meta.tsv,2015-05-08,10,9
ParlaMint-BG-en_2015-05-13-meta.tsv,2015-05-13,19,15
ParlaMint-BG-en_2015-05-14-meta.tsv,2015-05-14,16,11
ParlaMint-BG-en_2015-05-15-meta.tsv,2015-05-15,8,14
ParlaMint-BG-en_2015-05-20-meta.tsv,2015-05-20,16,19
ParlaMint-BG-en_2015-05-21-meta.tsv,2015-05-21,18,13
ParlaMint-BG-en_2015-05-22-meta.tsv,2015-05-22,8,15
ParlaMint-BG-en_2015-05-26-meta.tsv,2015-05-26,10,12
ParlaMint-BG-en_2015-05-27-meta.tsv,2015-05-27,8,11
ParlaMint-BG-en_2015-05-28-meta.tsv,2015-05-28,15,13
ParlaMint-BG-en_2015-05-29-meta.tsv,2015-05-29,10,13
ParlaMint-BG-en_2015-06-03-meta.tsv,2015-06-03,16,15
ParlaMint-BG-en_2015-06-04-meta.tsv,2015-06-04,16,15
ParlaMint-BG-en_2015-06-10-meta.tsv,2015-06-10,13,16
ParlaMint-BG-en_2015-06-11-meta.tsv,2015-06-11,19,15
ParlaMint-BG-en_2015-06-12-meta.tsv,2015-06-12,14,21
ParlaMint-BG-en_2015-06-16-meta.tsv,2015-06-16,16,16
ParlaMint-BG-en_2015-06-17-meta.tsv,2015-06-17,13,15
ParlaMint-BG-en_2015-06-18-meta.tsv,2015-06-18,14,11
ParlaMint-BG-en_2015-06-19-meta.tsv,2015-06-19,14,14
ParlaMint-BG-en_2015-06-24-meta.tsv,2015-06-24,15,13
ParlaMint-BG-en_2015-06-25-meta.tsv,2015-06-25,16,14
ParlaMint-BG-en_2015-06-26-meta.tsv,2015-06-26,11,16
ParlaMint-BG-en_2015-07-01-meta.tsv,2015-07-01,14,15
ParlaMint-BG-en_2015-07-02-meta.tsv,2015-07-02,11,10
ParlaMint-BG-en_2015-07-03-meta.tsv,2015-07-03,11,19
ParlaMint-BG-en_2015-07-08-meta.tsv,2015-07-08,18,21
ParlaMint-BG-en_2015-07-09-meta.tsv,2015-07-09,12,16
ParlaMint-BG-en_2015-07-10-meta.tsv,2015-07-10,12,15
ParlaMint-BG-en_2015-07-14-meta.tsv,2015-07-14,23,20
ParlaMint-BG-en_2015-07-15-meta.tsv,2015-07-15,8,12
ParlaMint-BG-en_2015-07-16-meta.tsv,2015-07-16,13,10
ParlaMint-BG-en_2015-07-17-meta.tsv,2015-07-17,13,19
ParlaMint-BG-en_2015-07-21-meta.tsv,2015-07-21,15,15
ParlaMint-BG-en_2015-07-22-meta.tsv,2015-07-22,9,12
ParlaMint-BG-en_2015-07-23-meta.tsv,2015-07-23,13,11
ParlaMint-BG-en_2015-07-24-meta.tsv,2015-07-24,13,18
ParlaMint-BG-en_2015-07-28-meta.tsv,2015-07-28,22,24
ParlaMint-BG-en_2015-07-29-meta.tsv,2015-07-29,22,25
ParlaMint-BG-en_2015-07-30-meta.tsv,2015-07-30,9,6
ParlaMint-BG-en_2015-07-31-meta.tsv,2015-07-31,20,17
ParlaMint-BG-en_2015-09-02-meta.tsv,2015-09-02,16,13
ParlaMint-BG-en_2015-09-03-meta.tsv,2015-09-03,23,20
ParlaMint-BG-en_2015-09-04-meta.tsv,2015-09-04,9,15
ParlaMint-BG-en_2015-09-09-meta.tsv,2015-09-09,12,12
ParlaMint-BG-en_2015-09-10-meta.tsv,2015-09-10,13,14
ParlaMint-BG-en_2015-09-11-meta.tsv,2015-09-11,12,14
ParlaMint-BG-en_2015-09-16-meta.tsv,2015-09-16,9,13
ParlaMint-BG-en_2015-09-17-meta.tsv,2015-09-17,16,17
ParlaMint-BG-en_2015-09-18-meta.tsv,2015-09-18,10,2
ParlaMint-BG-en_2015-09-23-meta.tsv,2015-09-23,21,17
ParlaMint-BG-en_2015-09-24-meta.tsv,2015-09-24,12,10
ParlaMint-BG-en_2015-09-25-meta.tsv,2015-09-25,14,14
ParlaMint-BG-en_2015-09-29-meta.tsv,2015-09-29,5,5
ParlaMint-BG-en_2015-09-30-meta.tsv,2015-09-30,19,10
ParlaMint-BG-en_2015-10-01-meta.tsv,2015-10-01,11,7
ParlaMint-BG-en_2015-10-02-meta.tsv,2015-10-02,14,7
ParlaMint-BG-en_2015-10-06-meta.tsv,2015-10-06,20,3
ParlaMint-BG-en_2015-10-07-meta.tsv,2015-10-07,27,18
ParlaMint-BG-en_2015-10-08-meta.tsv,2015-10-08,17,7
ParlaMint-BG-en_2015-10-09-meta.tsv,2015-10-09,12,12
ParlaMint-BG-en_2015-10-28-meta.tsv,2015-10-28,16,12
ParlaMint-BG-en_2015-10-29-meta.tsv,2015-10-29,4,10
ParlaMint-BG-en_2015-11-04-meta.tsv,2015-11-04,12,16
ParlaMint-BG-en_2015-11-05-meta.tsv,2015-11-05,19,11
ParlaMint-BG-en_2015-11-06-meta.tsv,2015-11-06,17,7
ParlaMint-BG-en_2015-11-11-meta.tsv,2015-11-11,14,17
ParlaMint-BG-en_2015-11-12-meta.tsv,2015-11-12,11,14
ParlaMint-BG-en_2015-11-13-meta.tsv,2015-11-13,6,12
ParlaMint-BG-en_2015-11-18-meta.tsv,2015-11-18,30,15
ParlaMint-BG-en_2015-11-19-meta.tsv,2015-11-19,15,17
ParlaMint-BG-en_2015-11-20-meta.tsv,2015-11-20,12,11
ParlaMint-BG-en_2015-11-24-meta.tsv,2015-11-24,13,11
ParlaMint-BG-en_2015-11-25-meta.tsv,2015-11-25,17,11
ParlaMint-BG-en_2015-11-26-meta.tsv,2015-11-26,20,12
ParlaMint-BG-en_2015-11-27-meta.tsv,2015-11-27,13,23
ParlaMint-BG-en_2015-12-01-meta.tsv,2015-12-01,16,33
ParlaMint-BG-en_2015-12-02-meta.tsv,2015-12-02,22,37
ParlaMint-BG-en_2015-12-03-meta.tsv,2015-12-03,17,15
ParlaMint-BG-en_2015-12-04-meta.tsv,2015-12-04,18,18
ParlaMint-BG-en_2015-12-09-meta.tsv,2015-12-09,16,12
ParlaMint-BG-en_2015-12-10-meta.tsv,2015-12-10,15,10
ParlaMint-BG-en_2015-12-11-meta.tsv,2015-12-11,12,13
ParlaMint-BG-en_2015-12-15-meta.tsv,2015-12-15,11,2
ParlaMint-BG-en_2015-12-16-meta.tsv,2015-12-16,12,12
ParlaMint-BG-en_2015-12-17-meta.tsv,2015-12-17,19,16
ParlaMint-BG-en_2015-12-18-meta.tsv,2015-12-18,16,18
ParlaMint-BG-en_2016-01-13-meta.tsv,2016-01-13,12,13
ParlaMint-BG-en_2016-01-14-meta.tsv,2016-01-14,23,13
ParlaMint-BG-en_2016-01-15-meta.tsv,2016-01-15,8,9
ParlaMint-BG-en_2016-01-20-meta.tsv,2016-01-20,12,4
ParlaMint-BG-en_2016-01-21-meta.tsv,2016-01-21,18,13
ParlaMint-BG-en_2016-01-22-meta.tsv,2016-01-22,11,18
ParlaMint-BG-en_2016-01-27-meta.tsv,2016-01-27,13,9
ParlaMint-BG-en_2016-01-28-meta.tsv,2016-01-28,10,3
ParlaMint-BG-en_2016-01-29-meta.tsv,2016-01-29,14,17
ParlaMint-BG-en_2016-02-02-meta.tsv,2016-02-02,13,8
ParlaMint-BG-en_2016-02-03-meta.tsv,2016-02-03,18,25
ParlaMint-BG-en_2016-02-04-meta.tsv,2016-02-04,21,10
ParlaMint-BG-en_2016-02-05-meta.tsv,2016-02-05,17,21
ParlaMint-BG-en_2016-02-10-meta.tsv,2016-02-10,18,10
ParlaMint-BG-en_2016-02-11-meta.tsv,2016-02-11,16,11
ParlaMint-BG-en_2016-02-12-meta.tsv,2016-02-12,17,16
ParlaMint-BG-en_2016-02-17-meta.tsv,2016-02-17,13,13
ParlaMint-BG-en_2016-02-18-meta.tsv,2016-02-18,15,6
ParlaMint-BG-en_2016-02-19-meta.tsv,2016-02-19,25,23
ParlaMint-BG-en_2016-02-24-meta.tsv,2016-02-24,19,14
ParlaMint-BG-en_2016-02-25-meta.tsv,2016-02-25,12,7
ParlaMint-BG-en_2016-02-26-meta.tsv,2016-02-26,15,11
ParlaMint-BG-en_2016-03-01-meta.tsv,2016-03-01,16,4
ParlaMint-BG-en_2016-03-02-meta.tsv,2016-03-02,19,12
ParlaMint-BG-en_2016-03-09-meta.tsv,2016-03-09,17,10
ParlaMint-BG-en_2016-03-10-meta.tsv,2016-03-10,16,12
ParlaMint-BG-en_2016-03-11-meta.tsv,2016-03-11,9,16
ParlaMint-BG-en_2016-03-16-meta.tsv,2016-03-16,15,8
ParlaMint-BG-en_2016-03-17-meta.tsv,2016-03-17,16,9
ParlaMint-BG-en_2016-03-18-meta.tsv,2016-03-18,11,12
ParlaMint-BG-en_2016-03-23-meta.tsv,2016-03-23,19,10
ParlaMint-BG-en_2016-03-24-meta.tsv,2016-03-24,12,8
ParlaMint-BG-en_2016-03-25-meta.tsv,2016-03-25,8,15
ParlaMint-BG-en_2016-03-30-meta.tsv,2016-03-30,25,21
ParlaMint-BG-en_2016-03-31-meta.tsv,2016-03-31,12,10
ParlaMint-BG-en_2016-04-01-meta.tsv,2016-04-01,10,16
ParlaMint-BG-en_2016-04-06-meta.tsv,2016-04-06,16,14
ParlaMint-BG-en_2016-04-07-meta.tsv,2016-04-07,14,9
ParlaMint-BG-en_2016-04-08-meta.tsv,2016-04-08,22,15
ParlaMint-BG-en_2016-04-13-meta.tsv,2016-04-13,7,5
ParlaMint-BG-en_2016-04-14-meta.tsv,2016-04-14,13,8
ParlaMint-BG-en_2016-04-15-meta.tsv,2016-04-15,19,19
ParlaMint-BG-en_2016-04-20-meta.tsv,2016-04-20,16,15
ParlaMint-BG-en_2016-04-21-meta.tsv,2016-04-21,16,23
ParlaMint-BG-en_2016-04-22-meta.tsv,2016-04-22,12,15
ParlaMint-BG-en_2016-04-26-meta.tsv,2016-04-26,22,25
ParlaMint-BG-en_2016-04-27-meta.tsv,2016-04-27,29,25
ParlaMint-BG-en_2016-04-28-meta.tsv,2016-04-28,18,20
ParlaMint-BG-en_2016-05-11-meta.tsv,2016-05-11,11,11
ParlaMint-BG-en_2016-05-12-meta.tsv,2016-05-12,19,11
ParlaMint-BG-en_2016-05-13-meta.tsv,2016-05-13,13,11
ParlaMint-BG-en_2016-05-18-meta.tsv,2016-05-18,17,20
ParlaMint-BG-en_2016-05-19-meta.tsv,2016-05-19,12,6
ParlaMint-BG-en_2016-05-20-meta.tsv,2016-05-20,17,14
ParlaMint-BG-en_2016-05-25-meta.tsv,2016-05-25,15,10
ParlaMint-BG-en_2016-05-26-meta.tsv,2016-05-26,12,11
ParlaMint-BG-en_2016-05-27-meta.tsv,2016-05-27,17,15
ParlaMint-BG-en_2016-06-01-meta.tsv,2016-06-01,12,15
ParlaMint-BG-en_2016-06-02-meta.tsv,2016-06-02,20,11
ParlaMint-BG-en_2016-06-03-meta.tsv,2016-06-03,16,13
ParlaMint-BG-en_2016-06-08-meta.tsv,2016-06-08,16,11
ParlaMint-BG-en_2016-06-09-meta.tsv,2016-06-09,15,10
ParlaMint-BG-en_2016-06-10-meta.tsv,2016-06-10,9,17
ParlaMint-BG-en_2016-06-15-meta.tsv,2016-06-15,18,16
ParlaMint-BG-en_2016-06-16-meta.tsv,2016-06-16,11,3
ParlaMint-BG-en_2016-06-17-meta.tsv,2016-06-17,12,15
ParlaMint-BG-en_2016-06-22-meta.tsv,2016-06-22,14,11
ParlaMint-BG-en_2016-06-23-meta.tsv,2016-06-23,20,16
ParlaMint-BG-en_2016-06-24-meta.tsv,2016-06-24,14,11
ParlaMint-BG-en_2016-06-29-meta.tsv,2016-06-29,14,11
ParlaMint-BG-en_2016-06-30-meta.tsv,2016-06-30,18,16
ParlaMint-BG-en_2016-07-01-meta.tsv,2016-07-01,12,17
ParlaMint-BG-en_2016-07-06-meta.tsv,2016-07-06,12,9
ParlaMint-BG-en_2016-07-07-meta.tsv,2016-07-07,9,10
ParlaMint-BG-en_2016-07-08-meta.tsv,2016-07-08,18,12
ParlaMint-BG-en_2016-07-13-meta.tsv,2016-07-13,13,10
ParlaMint-BG-en_2016-07-15-meta.tsv,2016-07-15,9,16
ParlaMint-BG-en_2016-07-20-meta.tsv,2016-07-20,12,7
ParlaMint-BG-en_2016-07-21-meta.tsv,2016-07-21,24,6
ParlaMint-BG-en_2016-07-22-meta.tsv,2016-07-22,11,13
ParlaMint-BG-en_2016-07-26-meta.tsv,2016-07-26,13,9
ParlaMint-BG-en_2016-07-27-meta.tsv,2016-07-27,17,11
ParlaMint-BG-en_2016-07-28-meta.tsv,2016-07-28,16,17
ParlaMint-BG-en_2016-07-29-meta.tsv,2016-07-29,14,7
ParlaMint-BG-en_2016-08-31-meta.tsv,2016-08-31,13,9
ParlaMint-BG-en_2016-09-01-meta.tsv,2016-09-01,20,8
ParlaMint-BG-en_2016-09-02-meta.tsv,2016-09-02,12,10
ParlaMint-BG-en_2016-09-07-meta.tsv,2016-09-07,14,12
ParlaMint-BG-en_2016-09-08-meta.tsv,2016-09-08,10,6
ParlaMint-BG-en_2016-09-09-meta.tsv,2016-09-09,18,11
ParlaMint-BG-en_2016-09-14-meta.tsv,2016-09-14,19,11
ParlaMint-BG-en_2016-09-15-meta.tsv,2016-09-15,12,4
ParlaMint-BG-en_2016-09-16-meta.tsv,2016-09-16,8,10
ParlaMint-BG-en_2016-09-21-meta.tsv,2016-09-21,19,14
ParlaMint-BG-en_2016-09-28-meta.tsv,2016-09-28,19,13
ParlaMint-BG-en_2016-09-29-meta.tsv,2016-09-29,1,0
ParlaMint-BG-en_2016-09-30-meta.tsv,2016-09-30,11,18
ParlaMint-BG-en_2016-10-05-meta.tsv,2016-10-05,13,11
ParlaMint-BG-en_2016-10-07-meta.tsv,2016-10-07,6,4
ParlaMint-BG-en_2016-10-12-meta.tsv,2016-10-12,7,4
ParlaMint-BG-en_2016-10-14-meta.tsv,2016-10-14,1,0
ParlaMint-BG-en_2016-10-18-meta.tsv,2016-10-18,19,16
ParlaMint-BG-en_2016-10-19-meta.tsv,2016-10-19,20,15
ParlaMint-BG-en_2016-10-20-meta.tsv,2016-10-20,21,15
ParlaMint-BG-en_2016-10-21-meta.tsv,2016-10-21,28,22
ParlaMint-BG-en_2016-10-26-meta.tsv,2016-10-26,14,12
ParlaMint-BG-en_2016-10-27-meta.tsv,2016-10-27,12,10
ParlaMint-BG-en_2016-10-28-meta.tsv,2016-10-28,16,13
ParlaMint-BG-en_2016-11-09-meta.tsv,2016-11-09,3,4
ParlaMint-BG-en_2016-11-15-meta.tsv,2016-11-15,15,10
ParlaMint-BG-en_2016-11-16-meta.tsv,2016-11-16,11,6
ParlaMint-BG-en_2016-11-17-meta.tsv,2016-11-17,34,9
ParlaMint-BG-en_2016-11-18-meta.tsv,2016-11-18,14,8
ParlaMint-BG-en_2016-11-23-meta.tsv,2016-11-23,10,10
ParlaMint-BG-en_2016-11-24-meta.tsv,2016-11-24,21,14
ParlaMint-BG-en_2016-11-25-meta.tsv,2016-11-25,12,15
ParlaMint-BG-en_2016-11-30-meta.tsv,2016-11-30,21,16
ParlaMint-BG-en_2016-12-01-meta.tsv,2016-12-01,18,15
ParlaMint-BG-en_2016-12-02-meta.tsv,2016-12-02,11,11
ParlaMint-BG-en_2016-12-07-meta.tsv,2016-12-07,13,12
ParlaMint-BG-en_2016-12-08-meta.tsv,2016-12-08,16,10
ParlaMint-BG-en_2016-12-09-meta.tsv,2016-12-09,17,12
ParlaMint-BG-en_2016-12-14-meta.tsv,2016-12-14,17,6
ParlaMint-BG-en_2016-12-15-meta.tsv,2016-12-15,16,7
ParlaMint-BG-en_2016-12-16-meta.tsv,2016-12-16,11,3
ParlaMint-BG-en_2016-12-20-meta.tsv,2016-12-20,17,9
ParlaMint-BG-en_2016-12-21-meta.tsv,2016-12-21,20,2
ParlaMint-BG-en_2016-12-22-meta.tsv,2016-12-22,12,3
ParlaMint-BG-en_2017-01-11-meta.tsv,2017-01-11,15,14
ParlaMint-BG-en_2017-01-12-meta.tsv,2017-01-12,13,5
ParlaMint-BG-en_2017-01-13-meta.tsv,2017-01-13,12,3
ParlaMint-BG-en_2017-01-18-meta.tsv,2017-01-18,19,9
ParlaMint-BG-en_2017-01-19-meta.tsv,2017-01-19,4,2
ParlaMint-BG-en_2017-01-20-meta.tsv,2017-01-20,9,2
ParlaMint-BG-en_2017-01-24-meta.tsv,2017-01-24,8,3
ParlaMint-BG-en_2017-01-25-meta.tsv,2017-01-25,12,3
ParlaMint-BG-en_2017-01-26-meta.tsv,2017-01-26,15,5
ParlaMint-BG-en_2017-04-19-meta.tsv,2017-04-19,0,0
ParlaMint-BG-en_2017-04-20-meta.tsv,2017-04-20,0,0
ParlaMint-BG-en_2017-04-21-meta.tsv,2017-04-21,0,0
ParlaMint-BG-en_2017-04-26-meta.tsv,2017-04-26,0,0
ParlaMint-BG-en_2017-04-27-meta.tsv,2017-04-27,0,0
ParlaMint-BG-en_2017-04-28-meta.tsv,2017-04-28,0,0
ParlaMint-BG-en_2017-05-03-meta.tsv,2017-05-03,0,0
ParlaMint-BG-en_2017-05-04-meta.tsv,2017-05-04,7,19
ParlaMint-BG-en_2017-05-05-meta.tsv,2017-05-05,6,4
ParlaMint-BG-en_2017-05-10-meta.tsv,2017-05-10,8,4
ParlaMint-BG-en_2017-05-11-meta.tsv,2017-05-11,5,6
ParlaMint-BG-en_2017-05-12-meta.tsv,2017-05-12,1,2
ParlaMint-BG-en_2017-05-17-meta.tsv,2017-05-17,4,2
ParlaMint-BG-en_2017-05-18-meta.tsv,2017-05-18,6,5
ParlaMint-BG-en_2017-05-19-meta.tsv,2017-05-19,9,16
ParlaMint-BG-en_2017-05-25-meta.tsv,2017-05-25,6,4
ParlaMint-BG-en_2017-05-26-meta.tsv,2017-05-26,5,10
ParlaMint-BG-en_2017-05-31-meta.tsv,2017-05-31,4,7
ParlaMint-BG-en_2017-06-01-meta.tsv,2017-06-01,22,18
ParlaMint-BG-en_2017-06-02-meta.tsv,2017-06-02,5,18
ParlaMint-BG-en_2017-06-07-meta.tsv,2017-06-07,17,16
ParlaMint-BG-en_2017-06-08-meta.tsv,2017-06-08,14,20
ParlaMint-BG-en_2017-06-09-meta.tsv,2017-06-09,16,23
ParlaMint-BG-en_2017-06-14-meta.tsv,2017-06-14,20,21
ParlaMint-BG-en_2017-06-15-meta.tsv,2017-06-15,23,17
ParlaMint-BG-en_2017-06-16-meta.tsv,2017-06-16,7,17
ParlaMint-BG-en_2017-06-21-meta.tsv,2017-06-21,17,20
ParlaMint-BG-en_2017-06-22-meta.tsv,2017-06-22,15,18
ParlaMint-BG-en_2017-06-23-meta.tsv,2017-06-23,6,21
ParlaMint-BG-en_2017-06-28-meta.tsv,2017-06-28,21,20
ParlaMint-BG-en_2017-06-29-meta.tsv,2017-06-29,14,8
ParlaMint-BG-en_2017-06-30-meta.tsv,2017-06-30,25,23
ParlaMint-BG-en_2017-07-05-meta.tsv,2017-07-05,20,21
ParlaMint-BG-en_2017-07-06-meta.tsv,2017-07-06,21,19
ParlaMint-BG-en_2017-07-07-meta.tsv,2017-07-07,10,23
ParlaMint-BG-en_2017-07-12-meta.tsv,2017-07-12,16,16
ParlaMint-BG-en_2017-07-13-meta.tsv,2017-07-13,20,8
ParlaMint-BG-en_2017-07-14-meta.tsv,2017-07-14,14,24
ParlaMint-BG-en_2017-07-19-meta.tsv,2017-07-19,24,15
ParlaMint-BG-en_2017-07-20-meta.tsv,2017-07-20,19,15
ParlaMint-BG-en_2017-07-21-meta.tsv,2017-07-21,16,23
ParlaMint-BG-en_2017-07-26-meta.tsv,2017-07-26,10,15
ParlaMint-BG-en_2017-07-27-meta.tsv,2017-07-27,18,23
ParlaMint-BG-en_2017-07-28-meta.tsv,2017-07-28,18,23
ParlaMint-BG-en_2017-09-01-meta.tsv,2017-09-01,12,19
ParlaMint-BG-en_2017-09-07-meta.tsv,2017-09-07,9,9
ParlaMint-BG-en_2017-09-08-meta.tsv,2017-09-08,5,21
ParlaMint-BG-en_2017-09-13-meta.tsv,2017-09-13,16,26
ParlaMint-BG-en_2017-09-14-meta.tsv,2017-09-14,16,19
ParlaMint-BG-en_2017-09-19-meta.tsv,2017-09-19,11,22
ParlaMint-BG-en_2017-09-20-meta.tsv,2017-09-20,10,10
ParlaMint-BG-en_2017-09-21-meta.tsv,2017-09-21,28,25
ParlaMint-BG-en_2017-09-27-meta.tsv,2017-09-27,8,14
ParlaMint-BG-en_2017-09-28-meta.tsv,2017-09-28,7,7
ParlaMint-BG-en_2017-09-29-meta.tsv,2017-09-29,8,14
ParlaMint-BG-en_2017-10-04-meta.tsv,2017-10-04,20,18
ParlaMint-BG-en_2017-10-05-meta.tsv,2017-10-05,28,21
ParlaMint-BG-en_2017-10-06-meta.tsv,2017-10-06,11,25
ParlaMint-BG-en_2017-10-11-meta.tsv,2017-10-11,10,12
ParlaMint-BG-en_2017-10-12-meta.tsv,2017-10-12,12,6
ParlaMint-BG-en_2017-10-13-meta.tsv,2017-10-13,9,19
ParlaMint-BG-en_2017-10-17-meta.tsv,2017-10-17,11,7
ParlaMint-BG-en_2017-10-18-meta.tsv,2017-10-18,18,9
ParlaMint-BG-en_2017-10-19-meta.tsv,2017-10-19,18,11
ParlaMint-BG-en_2017-10-20-meta.tsv,2017-10-20,11,25
ParlaMint-BG-en_2017-10-25-meta.tsv,2017-10-25,11,14
ParlaMint-BG-en_2017-10-26-meta.tsv,2017-10-26,19,16
ParlaMint-BG-en_2017-10-27-meta.tsv,2017-10-27,6,24
ParlaMint-BG-en_2017-11-01-meta.tsv,2017-11-01,19,25
ParlaMint-BG-en_2017-11-02-meta.tsv,2017-11-02,7,6
ParlaMint-BG-en_2017-11-03-meta.tsv,2017-11-03,7,14
ParlaMint-BG-en_2017-11-08-meta.tsv,2017-11-08,36,29
ParlaMint-BG-en_2017-11-09-meta.tsv,2017-11-09,15,22
ParlaMint-BG-en_2017-11-10-meta.tsv,2017-11-10,12,24
ParlaMint-BG-en_2017-11-15-meta.tsv,2017-11-15,10,11
ParlaMint-BG-en_2017-11-16-meta.tsv,2017-11-16,9,6
ParlaMint-BG-en_2017-11-17-meta.tsv,2017-11-17,8,9
ParlaMint-BG-en_2017-11-21-meta.tsv,2017-11-21,2,0
ParlaMint-BG-en_2017-11-22-meta.tsv,2017-11-22,9,12
ParlaMint-BG-en_2017-11-23-meta.tsv,2017-11-23,13,10
ParlaMint-BG-en_2017-11-24-meta.tsv,2017-11-24,2,10
ParlaMint-BG-en_2017-11-29-meta.tsv,2017-11-29,31,60
ParlaMint-BG-en_2017-11-30-meta.tsv,2017-11-30,16,49
ParlaMint-BG-en_2017-12-01-meta.tsv,2017-12-01,13,29
ParlaMint-BG-en_2017-12-06-meta.tsv,2017-12-06,12,15
ParlaMint-BG-en_2017-12-07-meta.tsv,2017-12-07,9,7
ParlaMint-BG-en_2017-12-08-meta.tsv,2017-12-08,5,13
ParlaMint-BG-en_2017-12-13-meta.tsv,2017-12-13,19,15
ParlaMint-BG-en_2017-12-14-meta.tsv,2017-12-14,12,22
ParlaMint-BG-en_2017-12-15-meta.tsv,2017-12-15,12,25
ParlaMint-BG-en_2017-12-20-meta.tsv,2017-12-20,10,12
ParlaMint-BG-en_2017-12-21-meta.tsv,2017-12-21,14,10
ParlaMint-BG-en_2018-01-11-meta.tsv,2018-01-11,15,15
ParlaMint-BG-en_2018-01-12-meta.tsv,2018-01-12,7,10
ParlaMint-BG-en_2018-01-17-meta.tsv,2018-01-17,15,18
ParlaMint-BG-en_2018-01-18-meta.tsv,2018-01-18,12,6
ParlaMint-BG-en_2018-01-19-meta.tsv,2018-01-19,10,25
ParlaMint-BG-en_2018-01-23-meta.tsv,2018-01-23,15,24
ParlaMint-BG-en_2018-01-24-meta.tsv,2018-01-24,7,6
ParlaMint-BG-en_2018-01-25-meta.tsv,2018-01-25,5,6
ParlaMint-BG-en_2018-01-26-meta.tsv,2018-01-26,7,14
ParlaMint-BG-en_2018-01-31-meta.tsv,2018-01-31,14,11
ParlaMint-BG-en_2018-02-01-meta.tsv,2018-02-01,10,9
ParlaMint-BG-en_2018-02-02-meta.tsv,2018-02-02,16,21
ParlaMint-BG-en_2018-02-07-meta.tsv,2018-02-07,16,16
ParlaMint-BG-en_2018-02-08-meta.tsv,2018-02-08,15,12
ParlaMint-BG-en_2018-02-09-meta.tsv,2018-02-09,6,19
ParlaMint-BG-en_2018-02-14-meta.tsv,2018-02-14,9,7
ParlaMint-BG-en_2018-02-15-meta.tsv,2018-02-15,13,17
ParlaMint-BG-en_2018-02-16-meta.tsv,2018-02-16,7,13
ParlaMint-BG-en_2018-02-21-meta.tsv,2018-02-21,18,12
ParlaMint-BG-en_2018-02-22-meta.tsv,2018-02-22,12,10
ParlaMint-BG-en_2018-02-23-meta.tsv,2018-02-23,7,28
ParlaMint-BG-en_2018-02-28-meta.tsv,2018-02-28,13,17
ParlaMint-BG-en_2018-03-01-meta.tsv,2018-03-01,7,11
ParlaMint-BG-en_2018-03-02-meta.tsv,2018-03-02,10,23
ParlaMint-BG-en_2018-03-07-meta.tsv,2018-03-07,17,21
ParlaMint-BG-en_2018-03-08-meta.tsv,2018-03-08,14,15
ParlaMint-BG-en_2018-03-09-meta.tsv,2018-03-09,7,17
ParlaMint-BG-en_2018-03-14-meta.tsv,2018-03-14,19,16
ParlaMint-BG-en_2018-03-15-meta.tsv,2018-03-15,10,5
ParlaMint-BG-en_2018-03-16-meta.tsv,2018-03-16,13,16
ParlaMint-BG-en_2018-03-21-meta.tsv,2018-03-21,12,8
ParlaMint-BG-en_2018-03-22-meta.tsv,2018-03-22,14,15
ParlaMint-BG-en_2018-03-23-meta.tsv,2018-03-23,5,27
ParlaMint-BG-en_2018-03-28-meta.tsv,2018-03-28,11,9
ParlaMint-BG-en_2018-03-29-meta.tsv,2018-03-29,19,15
ParlaMint-BG-en_2018-04-04-meta.tsv,2018-04-04,16,16
ParlaMint-BG-en_2018-04-05-meta.tsv,2018-04-05,5,17
ParlaMint-BG-en_2018-04-18-meta.tsv,2018-04-18,7,8
ParlaMint-BG-en_2018-04-19-meta.tsv,2018-04-19,8,17
ParlaMint-BG-en_2018-04-20-meta.tsv,2018-04-20,13,13
ParlaMint-BG-en_2018-04-25-meta.tsv,2018-04-25,20,16
ParlaMint-BG-en_2018-04-26-meta.tsv,2018-04-26,8,9
ParlaMint-BG-en_2018-04-27-meta.tsv,2018-04-27,11,15
ParlaMint-BG-en_2018-05-02-meta.tsv,2018-05-02,15,21
ParlaMint-BG-en_2018-05-03-meta.tsv,2018-05-03,19,13
ParlaMint-BG-en_2018-05-04-meta.tsv,2018-05-04,17,22
ParlaMint-BG-en_2018-05-09-meta.tsv,2018-05-09,17,17
ParlaMint-BG-en_2018-05-10-meta.tsv,2018-05-10,19,18
ParlaMint-BG-en_2018-05-11-meta.tsv,2018-05-11,16,23
ParlaMint-BG-en_2018-05-16-meta.tsv,2018-05-16,11,15
ParlaMint-BG-en_2018-05-17-meta.tsv,2018-05-17,11,15
ParlaMint-BG-en_2018-05-18-meta.tsv,2018-05-18,5,5
ParlaMint-BG-en_2018-05-22-meta.tsv,2018-05-22,17,15
ParlaMint-BG-en_2018-05-23-meta.tsv,2018-05-23,12,21
ParlaMint-BG-en_2018-05-30-meta.tsv,2018-05-30,12,11
ParlaMint-BG-en_2018-05-31-meta.tsv,2018-05-31,12,12
ParlaMint-BG-en_2018-06-01-meta.tsv,2018-06-01,6,19
ParlaMint-BG-en_2018-06-06-meta.tsv,2018-06-06,18,13
ParlaMint-BG-en_2018-06-07-meta.tsv,2018-06-07,22,17
ParlaMint-BG-en_2018-06-08-meta.tsv,2018-06-08,13,27
ParlaMint-BG-en_2018-06-13-meta.tsv,2018-06-13,18,15
ParlaMint-BG-en_2018-06-14-meta.tsv,2018-06-14,22,12
ParlaMint-BG-en_2018-06-15-meta.tsv,2018-06-15,10,6
ParlaMint-BG-en_2018-06-20-meta.tsv,2018-06-20,17,13
ParlaMint-BG-en_2018-06-21-meta.tsv,2018-06-21,7,10
ParlaMint-BG-en_2018-06-22-meta.tsv,2018-06-22,10,22
ParlaMint-BG-en_2018-06-26-meta.tsv,2018-06-26,9,10
ParlaMint-BG-en_2018-06-27-meta.tsv,2018-06-27,16,9
ParlaMint-BG-en_2018-06-28-meta.tsv,2018-06-28,9,13
ParlaMint-BG-en_2018-06-29-meta.tsv,2018-06-29,16,31
ParlaMint-BG-en_2018-07-04-meta.tsv,2018-07-04,16,15
ParlaMint-BG-en_2018-07-05-meta.tsv,2018-07-05,14,15
ParlaMint-BG-en_2018-07-06-meta.tsv,2018-07-06,11,20
ParlaMint-BG-en_2018-07-11-meta.tsv,2018-07-11,14,15
ParlaMint-BG-en_2018-07-12-meta.tsv,2018-07-12,15,16
ParlaMint-BG-en_2018-07-13-meta.tsv,2018-07-13,10,22
ParlaMint-BG-en_2018-07-18-meta.tsv,2018-07-18,26,20
ParlaMint-BG-en_2018-07-19-meta.tsv,2018-07-19,10,8
ParlaMint-BG-en_2018-07-20-meta.tsv,2018-07-20,17,14
ParlaMint-BG-en_2018-07-25-meta.tsv,2018-07-25,16,13
ParlaMint-BG-en_2018-07-26-meta.tsv,2018-07-26,27,24
ParlaMint-BG-en_2018-07-27-meta.tsv,2018-07-27,12,15
ParlaMint-BG-en_2018-08-21-meta.tsv,2018-08-21,8,16
ParlaMint-BG-en_2018-09-04-meta.tsv,2018-09-04,15,13
ParlaMint-BG-en_2018-09-05-meta.tsv,2018-09-05,4,19
ParlaMint-BG-en_2018-09-12-meta.tsv,2018-09-12,11,8
ParlaMint-BG-en_2018-09-13-meta.tsv,2018-09-13,12,15
ParlaMint-BG-en_2018-09-14-meta.tsv,2018-09-14,9,7
ParlaMint-BG-en_2018-09-19-meta.tsv,2018-09-19,12,7
ParlaMint-BG-en_2018-09-20-meta.tsv,2018-09-20,19,22
ParlaMint-BG-en_2018-09-21-meta.tsv,2018-09-21,9,16
ParlaMint-BG-en_2018-09-26-meta.tsv,2018-09-26,19,10
ParlaMint-BG-en_2018-09-27-meta.tsv,2018-09-27,1,0
ParlaMint-BG-en_2018-09-28-meta.tsv,2018-09-28,8,10
ParlaMint-BG-en_2018-10-03-meta.tsv,2018-10-03,8,9
ParlaMint-BG-en_2018-10-04-meta.tsv,2018-10-04,8,6
ParlaMint-BG-en_2018-10-05-meta.tsv,2018-10-05,9,18
ParlaMint-BG-en_2018-10-10-meta.tsv,2018-10-10,15,9
ParlaMint-BG-en_2018-10-11-meta.tsv,2018-10-11,9,6
ParlaMint-BG-en_2018-10-12-meta.tsv,2018-10-12,11,21
ParlaMint-BG-en_2018-10-17-meta.tsv,2018-10-17,22,10
ParlaMint-BG-en_2018-10-18-meta.tsv,2018-10-18,11,9
ParlaMint-BG-en_2018-10-19-meta.tsv,2018-10-19,15,29
ParlaMint-BG-en_2018-10-24-meta.tsv,2018-10-24,20,15
ParlaMint-BG-en_2018-10-25-meta.tsv,2018-10-25,16,5
ParlaMint-BG-en_2018-10-26-meta.tsv,2018-10-26,16,13
ParlaMint-BG-en_2018-10-31-meta.tsv,2018-10-31,4,4
ParlaMint-BG-en_2018-11-01-meta.tsv,2018-11-01,18,18
ParlaMint-BG-en_2018-11-02-meta.tsv,2018-11-02,1,0
ParlaMint-BG-en_2018-11-06-meta.tsv,2018-11-06,29,27
ParlaMint-BG-en_2018-11-07-meta.tsv,2018-11-07,24,24
ParlaMint-BG-en_2018-11-08-meta.tsv,2018-11-08,18,16
ParlaMint-BG-en_2018-11-09-meta.tsv,2018-11-09,8,26
ParlaMint-BG-en_2018-11-14-meta.tsv,2018-11-14,15,6
ParlaMint-BG-en_2018-11-15-meta.tsv,2018-11-15,11,8
ParlaMint-BG-en_2018-11-16-meta.tsv,2018-11-16,14,17
ParlaMint-BG-en_2018-11-21-meta.tsv,2018-11-21,14,21
ParlaMint-BG-en_2018-11-22-meta.tsv,2018-11-22,16,13
ParlaMint-BG-en_2018-11-23-meta.tsv,2018-11-23,20,23
ParlaMint-BG-en_2018-11-27-meta.tsv,2018-11-27,18,29
ParlaMint-BG-en_2018-11-28-meta.tsv,2018-11-28,24,49
ParlaMint-BG-en_2018-11-29-meta.tsv,2018-11-29,25,39
ParlaMint-BG-en_2018-11-30-meta.tsv,2018-11-30,15,23
ParlaMint-BG-en_2018-12-05-meta.tsv,2018-12-05,12,10
ParlaMint-BG-en_2018-12-06-meta.tsv,2018-12-06,13,11
ParlaMint-BG-en_2018-12-07-meta.tsv,2018-12-07,21,14
ParlaMint-BG-en_2018-12-12-meta.tsv,2018-12-12,21,19
ParlaMint-BG-en_2018-12-13-meta.tsv,2018-12-13,17,9
ParlaMint-BG-en_2018-12-14-meta.tsv,2018-12-14,9,21
ParlaMint-BG-en_2018-12-19-meta.tsv,2018-12-19,17,14
ParlaMint-BG-en_2018-12-20-meta.tsv,2018-12-20,13,14
ParlaMint-BG-en_2018-12-21-meta.tsv,2018-12-21,15,14
ParlaMint-BG-en_2019-01-11-meta.tsv,2019-01-11,7,17
ParlaMint-BG-en_2019-01-16-meta.tsv,2019-01-16,19,26
ParlaMint-BG-en_2019-01-17-meta.tsv,2019-01-17,12,7
ParlaMint-BG-en_2019-01-18-meta.tsv,2019-01-18,11,12
ParlaMint-BG-en_2019-01-23-meta.tsv,2019-01-23,11,8
ParlaMint-BG-en_2019-01-24-meta.tsv,2019-01-24,10,7
ParlaMint-BG-en_2019-01-25-meta.tsv,2019-01-25,7,14
ParlaMint-BG-en_2019-01-30-meta.tsv,2019-01-30,16,3
ParlaMint-BG-en_2019-01-31-meta.tsv,2019-01-31,10,8
ParlaMint-BG-en_2019-02-01-meta.tsv,2019-02-01,7,19
ParlaMint-BG-en_2019-02-06-meta.tsv,2019-02-06,11,10
ParlaMint-BG-en_2019-02-07-meta.tsv,2019-02-07,7,10
ParlaMint-BG-en_2019-02-08-meta.tsv,2019-02-08,10,19
ParlaMint-BG-en_2019-02-13-meta.tsv,2019-02-13,9,9
ParlaMint-BG-en_2019-02-14-meta.tsv,2019-02-14,24,36
ParlaMint-BG-en_2019-02-15-meta.tsv,2019-02-15,13,15
ParlaMint-BG-en_2019-02-20-meta.tsv,2019-02-20,18,5
ParlaMint-BG-en_2019-02-21-meta.tsv,2019-02-21,10,4
ParlaMint-BG-en_2019-02-22-meta.tsv,2019-02-22,14,3
ParlaMint-BG-en_2019-02-27-meta.tsv,2019-02-27,22,5
ParlaMint-BG-en_2019-02-28-meta.tsv,2019-02-28,12,2
ParlaMint-BG-en_2019-03-01-meta.tsv,2019-03-01,29,4
ParlaMint-BG-en_2019-03-06-meta.tsv,2019-03-06,13,9
ParlaMint-BG-en_2019-03-07-meta.tsv,2019-03-07,8,2
ParlaMint-BG-en_2019-03-08-meta.tsv,2019-03-08,27,7
ParlaMint-BG-en_2019-03-13-meta.tsv,2019-03-13,19,4
ParlaMint-BG-en_2019-03-14-meta.tsv,2019-03-14,33,5
ParlaMint-BG-en_2019-03-15-meta.tsv,2019-03-15,24,10
ParlaMint-BG-en_2019-03-20-meta.tsv,2019-03-20,23,11
ParlaMint-BG-en_2019-03-21-meta.tsv,2019-03-21,18,6
ParlaMint-BG-en_2019-03-22-meta.tsv,2019-03-22,20,3
ParlaMint-BG-en_2019-03-27-meta.tsv,2019-03-27,21,8
ParlaMint-BG-en_2019-03-28-meta.tsv,2019-03-28,20,5
ParlaMint-BG-en_2019-03-29-meta.tsv,2019-03-29,15,3
ParlaMint-BG-en_2019-04-03-meta.tsv,2019-04-03,21,3
ParlaMint-BG-en_2019-04-04-meta.tsv,2019-04-04,11,2
ParlaMint-BG-en_2019-04-05-meta.tsv,2019-04-05,18,5
ParlaMint-BG-en_2019-04-10-meta.tsv,2019-04-10,19,0
ParlaMint-BG-en_2019-04-11-meta.tsv,2019-04-11,17,2
ParlaMint-BG-en_2019-04-12-meta.tsv,2019-04-12,18,1
ParlaMint-BG-en_2019-04-16-meta.tsv,2019-04-16,6,6
ParlaMint-BG-en_2019-04-17-meta.tsv,2019-04-17,10,0
ParlaMint-BG-en_2019-04-18-meta.tsv,2019-04-18,19,3
ParlaMint-BG-en_2019-04-19-meta.tsv,2019-04-19,14,3
ParlaMint-BG-en_2019-04-24-meta.tsv,2019-04-24,15,1
ParlaMint-BG-en_2019-04-25-meta.tsv,2019-04-25,21,2
ParlaMint-BG-en_2019-05-08-meta.tsv,2019-05-08,24,1
ParlaMint-BG-en_2019-05-09-meta.tsv,2019-05-09,10,1
ParlaMint-BG-en_2019-05-10-meta.tsv,2019-05-10,12,1
ParlaMint-BG-en_2019-05-15-meta.tsv,2019-05-15,15,1
ParlaMint-BG-en_2019-05-16-meta.tsv,2019-05-16,8,0
ParlaMint-BG-en_2019-05-17-meta.tsv,2019-05-17,14,0
ParlaMint-BG-en_2019-05-29-meta.tsv,2019-05-29,9,1
ParlaMint-BG-en_2019-05-30-meta.tsv,2019-05-30,9,7
ParlaMint-BG-en_2019-05-31-meta.tsv,2019-05-31,12,2
ParlaMint-BG-en_2019-06-05-meta.tsv,2019-06-05,10,3
ParlaMint-BG-en_2019-06-06-meta.tsv,2019-06-06,17,10
ParlaMint-BG-en_2019-06-07-meta.tsv,2019-06-07,4,4
ParlaMint-BG-en_2019-06-12-meta.tsv,2019-06-12,16,7
ParlaMint-BG-en_2019-06-13-meta.tsv,2019-06-13,15,10
ParlaMint-BG-en_2019-06-14-meta.tsv,2019-06-14,4,6
ParlaMint-BG-en_2019-06-19-meta.tsv,2019-06-19,6,10
ParlaMint-BG-en_2019-06-20-meta.tsv,2019-06-20,11,10
ParlaMint-BG-en_2019-06-21-meta.tsv,2019-06-21,7,17
ParlaMint-BG-en_2019-06-26-meta.tsv,2019-06-26,7,3
ParlaMint-BG-en_2019-06-27-meta.tsv,2019-06-27,10,9
ParlaMint-BG-en_2019-06-28-meta.tsv,2019-06-28,7,8
ParlaMint-BG-en_2019-07-03-meta.tsv,2019-07-03,12,8
ParlaMint-BG-en_2019-07-04-meta.tsv,2019-07-04,17,22
ParlaMint-BG-en_2019-07-05-meta.tsv,2019-07-05,14,17
ParlaMint-BG-en_2019-07-10-meta.tsv,2019-07-10,10,14
ParlaMint-BG-en_2019-07-11-meta.tsv,2019-07-11,12,8
ParlaMint-BG-en_2019-07-12-meta.tsv,2019-07-12,1,0
ParlaMint-BG-en_2019-07-16-meta.tsv,2019-07-16,15,16
ParlaMint-BG-en_2019-07-17-meta.tsv,2019-07-17,18,21
ParlaMint-BG-en_2019-07-18-meta.tsv,2019-07-18,17,10
ParlaMint-BG-en_2019-07-19-meta.tsv,2019-07-19,24,21
ParlaMint-BG-en_2019-07-24-meta.tsv,2019-07-24,19,23
ParlaMint-BG-en_2019-07-25-meta.tsv,2019-07-25,15,17
ParlaMint-BG-en_2019-07-26-meta.tsv,2019-07-26,19,21
ParlaMint-BG-en_2019-07-31-meta.tsv,2019-07-31,13,33
ParlaMint-BG-en_2019-09-04-meta.tsv,2019-09-04,13,12
ParlaMint-BG-en_2019-09-05-meta.tsv,2019-09-05,12,15
ParlaMint-BG-en_2019-09-11-meta.tsv,2019-09-11,22,18
ParlaMint-BG-en_2019-09-12-meta.tsv,2019-09-12,10,12
ParlaMint-BG-en_2019-09-13-meta.tsv,2019-09-13,8,14
ParlaMint-BG-en_2019-09-18-meta.tsv,2019-09-18,12,4
ParlaMint-BG-en_2019-09-19-meta.tsv,2019-09-19,3,2
ParlaMint-BG-en_2019-09-20-meta.tsv,2019-09-20,5,16
ParlaMint-BG-en_2019-09-25-meta.tsv,2019-09-25,17,15
ParlaMint-BG-en_2019-09-26-meta.tsv,2019-09-26,7,8
ParlaMint-BG-en_2019-09-27-meta.tsv,2019-09-27,13,16
ParlaMint-BG-en_2019-10-02-meta.tsv,2019-10-02,14,13
ParlaMint-BG-en_2019-10-03-meta.tsv,2019-10-03,4,1
ParlaMint-BG-en_2019-10-04-meta.tsv,2019-10-04,6,5
ParlaMint-BG-en_2019-10-09-meta.tsv,2019-10-09,9,6
ParlaMint-BG-en_2019-10-10-meta.tsv,2019-10-10,13,6
ParlaMint-BG-en_2019-10-11-meta.tsv,2019-10-11,1,0
ParlaMint-BG-en_2019-10-30-meta.tsv,2019-10-30,4,2
ParlaMint-BG-en_2019-11-06-meta.tsv,2019-11-06,4,8
ParlaMint-BG-en_2019-11-07-meta.tsv,2019-11-07,4,1
ParlaMint-BG-en_2019-11-08-meta.tsv,2019-11-08,5,11
ParlaMint-BG-en_2019-11-12-meta.tsv,2019-11-12,14,17
ParlaMint-BG-en_2019-11-13-meta.tsv,2019-11-13,24,15
ParlaMint-BG-en_2019-11-14-meta.tsv,2019-11-14,8,6
ParlaMint-BG-en_2019-11-15-meta.tsv,2019-11-15,4,12
ParlaMint-BG-en_2019-11-20-meta.tsv,2019-11-20,6,14
ParlaMint-BG-en_2019-11-21-meta.tsv,2019-11-21,10,11
ParlaMint-BG-en_2019-11-22-meta.tsv,2019-11-22,6,7
ParlaMint-BG-en_2019-11-27-meta.tsv,2019-11-27,15,7
ParlaMint-BG-en_2019-11-28-meta.tsv,2019-11-28,17,6
ParlaMint-BG-en_2019-11-29-meta.tsv,2019-11-29,9,30
ParlaMint-BG-en_2019-12-03-meta.tsv,2019-12-03,18,36
ParlaMint-BG-en_2019-12-04-meta.tsv,2019-12-04,20,48
ParlaMint-BG-en_2019-12-05-meta.tsv,2019-12-05,24,42
ParlaMint-BG-en_2019-12-06-meta.tsv,2019-12-06,12,21
ParlaMint-BG-en_2019-12-11-meta.tsv,2019-12-11,14,10
ParlaMint-BG-en_2019-12-12-meta.tsv,2019-12-12,7,5
ParlaMint-BG-en_2019-12-13-meta.tsv,2019-12-13,15,16
ParlaMint-BG-en_2019-12-18-meta.tsv,2019-12-18,11,12
ParlaMint-BG-en_2019-12-19-meta.tsv,2019-12-19,15,20
ParlaMint-BG-en_2019-12-20-meta.tsv,2019-12-20,8,16
ParlaMint-BG-en_2020-01-15-meta.tsv,2020-01-15,10,21
ParlaMint-BG-en_2020-01-16-meta.tsv,2020-01-16,13,10
ParlaMint-BG-en_2020-01-17-meta.tsv,2020-01-17,3,11
ParlaMint-BG-en_2020-01-22-meta.tsv,2020-01-22,10,3
ParlaMint-BG-en_2020-01-23-meta.tsv,2020-01-23,13,11
ParlaMint-BG-en_2020-01-24-meta.tsv,2020-01-24,10,19
ParlaMint-BG-en_2020-01-29-meta.tsv,2020-01-29,18,20
ParlaMint-BG-en_2020-01-30-meta.tsv,2020-01-30,11,15
ParlaMint-BG-en_2020-01-31-meta.tsv,2020-01-31,9,24
ParlaMint-BG-en_2020-02-05-meta.tsv,2020-02-05,13,8
ParlaMint-BG-en_2020-02-06-meta.tsv,2020-02-06,9,1
ParlaMint-BG-en_2020-02-07-meta.tsv,2020-02-07,6,13
ParlaMint-BG-en_2020-02-12-meta.tsv,2020-02-12,9,7
ParlaMint-BG-en_2020-02-13-meta.tsv,2020-02-13,7,10
ParlaMint-BG-en_2020-02-14-meta.tsv,2020-02-14,7,14
ParlaMint-BG-en_2020-02-19-meta.tsv,2020-02-19,12,18
ParlaMint-BG-en_2020-02-20-meta.tsv,2020-02-20,12,12
ParlaMint-BG-en_2020-02-21-meta.tsv,2020-02-21,8,20
ParlaMint-BG-en_2020-02-26-meta.tsv,2020-02-26,16,16
ParlaMint-BG-en_2020-02-27-meta.tsv,2020-02-27,19,18
ParlaMint-BG-en_2020-02-28-meta.tsv,2020-02-28,6,19
ParlaMint-BG-en_2020-03-04-meta.tsv,2020-03-04,14,12
ParlaMint-BG-en_2020-03-05-meta.tsv,2020-03-05,10,14
ParlaMint-BG-en_2020-03-06-meta.tsv,2020-03-06,4,16
ParlaMint-BG-en_2020-03-11-meta.tsv,2020-03-11,5,10
ParlaMint-BG-en_2020-03-12-meta.tsv,2020-03-12,10,11
ParlaMint-BG-en_2020-03-13-meta.tsv,2020-03-13,8,24
ParlaMint-BG-en_2020-03-18-meta.tsv,2020-03-18,13,15
ParlaMint-BG-en_2020-03-20-meta.tsv,2020-03-20,25,27
ParlaMint-BG-en_2020-03-23-meta.tsv,2020-03-23,14,11
ParlaMint-BG-en_2020-03-26-meta.tsv,2020-03-26,14,11
ParlaMint-BG-en_2020-04-03-meta.tsv,2020-04-03,16,19
ParlaMint-BG-en_2020-04-06-meta.tsv,2020-04-06,23,35
ParlaMint-BG-en_2020-04-14-meta.tsv,2020-04-14,13,22
ParlaMint-BG-en_2020-04-21-meta.tsv,2020-04-21,1,0
ParlaMint-BG-en_2020-04-28-meta.tsv,2020-04-28,4,10
ParlaMint-BG-en_2020-05-08-meta.tsv,2020-05-08,6,9
ParlaMint-BG-en_2020-05-12-meta.tsv,2020-05-12,16,25
ParlaMint-BG-en_2020-05-14-meta.tsv,2020-05-14,17,19
ParlaMint-BG-en_2020-05-15-meta.tsv,2020-05-15,6,1
ParlaMint-BG-en_2020-05-20-meta.tsv,2020-05-20,5,8
ParlaMint-BG-en_2020-05-21-meta.tsv,2020-05-21,8,4
ParlaMint-BG-en_2020-05-22-meta.tsv,2020-05-22,22,23
ParlaMint-BG-en_2020-05-27-meta.tsv,2020-05-27,6,2
ParlaMint-BG-en_2020-05-28-meta.tsv,2020-05-28,17,9
ParlaMint-BG-en_2020-05-29-meta.tsv,2020-05-29,3,15
ParlaMint-BG-en_2020-06-03-meta.tsv,2020-06-03,13,6
ParlaMint-BG-en_2020-06-04-meta.tsv,2020-06-04,10,8
ParlaMint-BG-en_2020-06-05-meta.tsv,2020-06-05,12,24
ParlaMint-BG-en_2020-06-10-meta.tsv,2020-06-10,11,8
ParlaMint-BG-en_2020-06-11-meta.tsv,2020-06-11,11,12
ParlaMint-BG-en_2020-06-12-meta.tsv,2020-06-12,7,14
ParlaMint-BG-en_2020-06-17-meta.tsv,2020-06-17,13,14
ParlaMint-BG-en_2020-06-18-meta.tsv,2020-06-18,8,15
ParlaMint-BG-en_2020-06-19-meta.tsv,2020-06-19,8,13
ParlaMint-BG-en_2020-06-24-meta.tsv,2020-06-24,7,2
ParlaMint-BG-en_2020-06-25-meta.tsv,2020-06-25,17,13
ParlaMint-BG-en_2020-06-26-meta.tsv,2020-06-26,8,16
ParlaMint-BG-en_2020-07-01-meta.tsv,2020-07-01,18,13
ParlaMint-BG-en_2020-07-02-meta.tsv,2020-07-02,6,1
ParlaMint-BG-en_2020-07-03-meta.tsv,2020-07-03,5,10
ParlaMint-BG-en_2020-07-08-meta.tsv,2020-07-08,11,2
ParlaMint-BG-en_2020-07-09-meta.tsv,2020-07-09,14,15
ParlaMint-BG-en_2020-07-10-meta.tsv,2020-07-10,10,12
ParlaMint-BG-en_2020-07-15-meta.tsv,2020-07-15,7,16
ParlaMint-BG-en_2020-07-16-meta.tsv,2020-07-16,8,7
ParlaMint-BG-en_2020-07-17-meta.tsv,2020-07-17,13,18
ParlaMint-BG-en_2020-07-20-meta.tsv,2020-07-20,13,10
ParlaMint-BG-en_2020-07-21-meta.tsv,2020-07-21,4,3
ParlaMint-BG-en_2020-07-22-meta.tsv,2020-07-22,11,3
ParlaMint-BG-en_2020-07-23-meta.tsv,2020-07-23,17,8
ParlaMint-BG-en_2020-07-24-meta.tsv,2020-07-24,10,16
ParlaMint-BG-en_2020-07-29-meta.tsv,2020-07-29,11,7
ParlaMint-BG-en_2020-07-30-meta.tsv,2020-07-30,21,14
ParlaMint-BG-en_2020-07-31-meta.tsv,2020-07-31,11,20
ParlaMint-BG-en_2020-09-02-meta.tsv,2020-09-02,9,8
ParlaMint-BG-en_2020-09-03-meta.tsv,2020-09-03,16,16
ParlaMint-BG-en_2020-09-09-meta.tsv,2020-09-09,10,9
ParlaMint-BG-en_2020-09-10-meta.tsv,2020-09-10,12,2
ParlaMint-BG-en_2020-09-11-meta.tsv,2020-09-11,9,17
ParlaMint-BG-en_2020-09-16-meta.tsv,2020-09-16,23,28
ParlaMint-BG-en_2020-09-17-meta.tsv,2020-09-17,15,23
ParlaMint-BG-en_2020-09-18-meta.tsv,2020-09-18,8,14
ParlaMint-BG-en_2020-09-23-meta.tsv,2020-09-23,11,11
ParlaMint-BG-en_2020-09-24-meta.tsv,2020-09-24,10,9
ParlaMint-BG-en_2020-09-25-meta.tsv,2020-09-25,6,13
ParlaMint-BG-en_2020-09-30-meta.tsv,2020-09-30,10,7
ParlaMint-BG-en_2020-10-01-meta.tsv,2020-10-01,16,14
ParlaMint-BG-en_2020-10-02-meta.tsv,2020-10-02,15,11
ParlaMint-BG-en_2020-10-07-meta.tsv,2020-10-07,13,9
ParlaMint-BG-en_2020-10-08-meta.tsv,2020-10-08,11,17
ParlaMint-BG-en_2020-10-09-meta.tsv,2020-10-09,10,18
ParlaMint-BG-en_2020-10-14-meta.tsv,2020-10-14,8,9
ParlaMint-BG-en_2020-10-15-meta.tsv,2020-10-15,19,25
ParlaMint-BG-en_2020-10-16-meta.tsv,2020-10-16,7,11
ParlaMint-BG-en_2020-10-21-meta.tsv,2020-10-21,12,6
ParlaMint-BG-en_2020-10-22-meta.tsv,2020-10-22,11,13
ParlaMint-BG-en_2020-10-23-meta.tsv,2020-10-23,11,15
ParlaMint-BG-en_2020-10-28-meta.tsv,2020-10-28,10,10
ParlaMint-BG-en_2020-10-29-meta.tsv,2020-10-29,18,12
ParlaMint-BG-en_2020-10-30-meta.tsv,2020-10-30,12,15
ParlaMint-BG-en_2020-11-05-meta.tsv,2020-11-05,14,19
ParlaMint-BG-en_2020-11-06-meta.tsv,2020-11-06,36,20
ParlaMint-BG-en_2020-11-11-meta.tsv,2020-11-11,14,12
ParlaMint-BG-en_2020-11-12-meta.tsv,2020-11-12,22,10
ParlaMint-BG-en_2020-11-13-meta.tsv,2020-11-13,25,24
ParlaMint-BG-en_2020-11-18-meta.tsv,2020-11-18,22,14
ParlaMint-BG-en_2020-11-19-meta.tsv,2020-11-19,24,20
ParlaMint-BG-en_2020-11-20-meta.tsv,2020-11-20,27,17
ParlaMint-BG-en_2020-11-24-meta.tsv,2020-11-24,19,22
ParlaMint-BG-en_2020-11-25-meta.tsv,2020-11-25,28,41
ParlaMint-BG-en_2020-11-26-meta.tsv,2020-11-26,20,12
ParlaMint-BG-en_2020-11-27-meta.tsv,2020-11-27,11,17
ParlaMint-BG-en_2020-12-02-meta.tsv,2020-12-02,17,8
ParlaMint-BG-en_2020-12-03-meta.tsv,2020-12-03,17,18
ParlaMint-BG-en_2020-12-04-meta.tsv,2020-12-04,19,7
ParlaMint-BG-en_2020-12-09-meta.tsv,2020-12-09,19,14
ParlaMint-BG-en_2020-12-10-meta.tsv,2020-12-10,25,15
ParlaMint-BG-en_2020-12-11-meta.tsv,2020-12-11,15,15
ParlaMint-BG-en_2020-12-16-meta.tsv,2020-12-16,24,10
ParlaMint-BG-en_2020-12-17-meta.tsv,2020-12-17,24,9
ParlaMint-BG-en_2020-12-18-meta.tsv,2020-12-18,18,17
ParlaMint-BG-en_2021-01-13-meta.tsv,2021-01-13,14,5
ParlaMint-BG-en_2021-01-14-meta.tsv,2021-01-14,18,13
ParlaMint-BG-en_2021-01-15-meta.tsv,2021-01-15,8,13
ParlaMint-BG-en_2021-01-20-meta.tsv,2021-01-20,9,7
ParlaMint-BG-en_2021-01-21-meta.tsv,2021-01-21,16,10
ParlaMint-BG-en_2021-01-22-meta.tsv,2021-01-22,9,15
ParlaMint-BG-en_2021-01-27-meta.tsv,2021-01-27,12,11
ParlaMint-BG-en_2021-01-28-meta.tsv,2021-01-28,18,25
ParlaMint-BG-en_2021-01-29-meta.tsv,2021-01-29,14,16
ParlaMint-BG-en_2021-02-03-meta.tsv,2021-02-03,9,6
ParlaMint-BG-en_2021-02-04-meta.tsv,2021-02-04,12,20
ParlaMint-BG-en_2021-02-05-meta.tsv,2021-02-05,12,19
ParlaMint-BG-en_2021-02-10-meta.tsv,2021-02-10,10,8
ParlaMint-BG-en_2021-02-11-meta.tsv,2021-02-11,17,16
ParlaMint-BG-en_2021-02-12-meta.tsv,2021-02-12,13,13
ParlaMint-BG-en_2021-02-17-meta.tsv,2021-02-17,15,13
ParlaMint-BG-en_2021-02-18-meta.tsv,2021-02-18,6,8
ParlaMint-BG-en_2021-02-19-meta.tsv,2021-02-19,12,24
ParlaMint-BG-en_2021-02-24-meta.tsv,2021-02-24,10,5
ParlaMint-BG-en_2021-02-25-meta.tsv,2021-02-25,17,5
ParlaMint-BG-en_2021-02-26-meta.tsv,2021-02-26,17,10
ParlaMint-BG-en_2021-03-04-meta.tsv,2021-03-04,7,5
ParlaMint-BG-en_2021-03-05-meta.tsv,2021-03-05,10,13
ParlaMint-BG-en_2021-03-25-meta.tsv,2021-03-25,3,2
ParlaMint-BG-en_2021-04-15-meta.tsv,2021-04-15,0,7
ParlaMint-BG-en_2021-04-16-meta.tsv,2021-04-16,0,16
ParlaMint-BG-en_2021-04-21-meta.tsv,2021-04-21,0,9
ParlaMint-BG-en_2021-04-22-meta.tsv,2021-04-22,0,18
ParlaMint-BG-en_2021-04-23-meta.tsv,2021-04-23,0,5
ParlaMint-BG-en_2021-04-28-meta.tsv,2021-04-28,0,2
ParlaMint-BG-en_2021-04-29-meta.tsv,2021-04-29,0,20
ParlaMint-BG-en_2021-05-05-meta.tsv,2021-05-05,0,20
ParlaMint-BG-en_2021-05-07-meta.tsv,2021-05-07,0,19
ParlaMint-BG-en_2021-07-21-meta.tsv,2021-07-21,0,0
ParlaMint-BG-en_2021-07-22-meta.tsv,2021-07-22,0,0
ParlaMint-BG-en_2021-07-23-meta.tsv,2021-07-23,0,0
ParlaMint-BG-en_2021-07-28-meta.tsv,2021-07-28,0,0
ParlaMint-BG-en_2021-07-29-meta.tsv,2021-07-29,0,0
ParlaMint-BG-en_2021-07-30-meta.tsv,2021-07-30,0,0
ParlaMint-BG-en_2021-08-04-meta.tsv,2021-08-04,0,0
ParlaMint-BG-en_2021-08-05-meta.tsv,2021-08-05,0,0
ParlaMint-BG-en_2021-08-06-meta.tsv,2021-08-06,0,0
ParlaMint-BG-en_2021-08-11-meta.tsv,2021-08-11,0,0
ParlaMint-BG-en_2021-08-12-meta.tsv,2021-08-12,0,0
ParlaMint-BG-en_2021-08-13-meta.tsv,2021-08-13,0,0
ParlaMint-BG-en_2021-08-17-meta.tsv,2021-08-17,0,0
ParlaMint-BG-en_2021-08-18-meta.tsv,2021-08-18,0,0
ParlaMint-BG-en_2021-08-19-meta.tsv,2021-08-19,0,0
ParlaMint-BG-en_2021-08-20-meta.tsv,2021-08-20,0,0
ParlaMint-BG-en_2021-08-25-meta.tsv,2021-08-25,0,0
ParlaMint-BG-en_2021-08-26-meta.tsv,2021-08-26,0,0
ParlaMint-BG-en_2021-08-27-meta.tsv,2021-08-27,0,0
ParlaMint-BG-en_2021-09-01-meta.tsv,2021-09-01,0,0
ParlaMint-BG-en_2021-09-02-meta.tsv,2021-09-02,0,0
ParlaMint-BG-en_2021-09-03-meta.tsv,2021-09-03,0,0
ParlaMint-BG-en_2021-09-07-meta.tsv,2021-09-07,0,0
ParlaMint-BG-en_2021-09-08-meta.tsv,2021-09-08,0,0
ParlaMint-BG-en_2021-09-09-meta.tsv,2021-09-09,0,0
ParlaMint-BG-en_2021-09-10-meta.tsv,2021-09-10,0,0
ParlaMint-BG-en_2021-09-15-meta.tsv,2021-09-15,0,0
ParlaMint-BG-en_2021-12-03-meta.tsv,2021-12-03,0,0
ParlaMint-BG-en_2021-12-08-meta.tsv,2021-12-08,0,0
ParlaMint-BG-en_2021-12-09-meta.tsv,2021-12-09,0,0
ParlaMint-BG-en_2021-12-10-meta.tsv,2021-12-10,0,0
ParlaMint-BG-en_2021-12-13-meta.tsv,2021-12-13,17,19
ParlaMint-BG-en_2021-12-15-meta.tsv,2021-12-15,19,20
ParlaMint-BG-en_2021-12-16-meta.tsv,2021-12-16,27,28
ParlaMint-BG-en_2021-12-17-meta.tsv,2021-12-17,25,15
ParlaMint-BG-en_2021-12-22-meta.tsv,2021-12-22,39,38
ParlaMint-BG-en_2021-12-23-meta.tsv,2021-12-23,20,16
ParlaMint-BG-en_2022-01-05-meta.tsv,2022-01-05,6,8
ParlaMint-BG-en_2022-01-06-meta.tsv,2022-01-06,19,14
ParlaMint-BG-en_2022-01-07-meta.tsv,2022-01-07,30,21
ParlaMint-BG-en_2022-01-12-meta.tsv,2022-01-12,18,18
ParlaMint-BG-en_2022-01-13-meta.tsv,2022-01-13,25,24
ParlaMint-BG-en_2022-01-14-meta.tsv,2022-01-14,9,17
ParlaMint-BG-en_2022-01-19-meta.tsv,2022-01-19,14,13
ParlaMint-BG-en_2022-01-20-meta.tsv,2022-01-20,13,7
ParlaMint-BG-en_2022-01-21-meta.tsv,2022-01-21,42,44
ParlaMint-BG-en_2022-01-26-meta.tsv,2022-01-26,29,33
ParlaMint-BG-en_2022-01-27-meta.tsv,2022-01-27,22,20
ParlaMint-BG-en_2022-01-28-meta.tsv,2022-01-28,18,18
ParlaMint-BG-en_2022-02-02-meta.tsv,2022-02-02,22,21
ParlaMint-BG-en_2022-02-03-meta.tsv,2022-02-03,32,22
ParlaMint-BG-en_2022-02-04-meta.tsv,2022-02-04,19,26
ParlaMint-BG-en_2022-02-09-meta.tsv,2022-02-09,39,38
ParlaMint-BG-en_2022-02-10-meta.tsv,2022-02-10,58,32
ParlaMint-BG-en_2022-02-11-meta.tsv,2022-02-11,25,23
ParlaMint-BG-en_2022-02-16-meta.tsv,2022-02-16,15,20
ParlaMint-BG-en_2022-02-17-meta.tsv,2022-02-17,20,24
ParlaMint-BG-en_2022-02-18-meta.tsv,2022-02-18,16,17
ParlaMint-BG-en_2022-02-22-meta.tsv,2022-02-22,25,38
ParlaMint-BG-en_2022-02-23-meta.tsv,2022-02-23,26,51
ParlaMint-BG-en_2022-02-24-meta.tsv,2022-02-24,34,70
ParlaMint-BG-en_2022-02-25-meta.tsv,2022-02-25,19,52
ParlaMint-BG-en_2022-03-01-meta.tsv,2022-03-01,18,16
ParlaMint-BG-en_2022-03-02-meta.tsv,2022-03-02,21,20
ParlaMint-BG-en_2022-03-08-meta.tsv,2022-03-08,12,22
ParlaMint-BG-en_2022-03-09-meta.tsv,2022-03-09,21,20
ParlaMint-BG-en_2022-03-10-meta.tsv,2022-03-10,16,19
ParlaMint-BG-en_2022-03-11-meta.tsv,2022-03-11,26,26
ParlaMint-BG-en_2022-03-16-meta.tsv,2022-03-16,20,12
ParlaMint-BG-en_2022-03-17-meta.tsv,2022-03-17,17,18
ParlaMint-BG-en_2022-03-18-meta.tsv,2022-03-18,19,18
ParlaMint-BG-en_2022-03-23-meta.tsv,2022-03-23,15,18
ParlaMint-BG-en_2022-03-24-meta.tsv,2022-03-24,17,13
ParlaMint-BG-en_2022-03-25-meta.tsv,2022-03-25,12,24
ParlaMint-BG-en_2022-03-30-meta.tsv,2022-03-30,19,15
ParlaMint-BG-en_2022-03-31-meta.tsv,2022-03-31,19,18
ParlaMint-BG-en_2022-04-01-meta.tsv,2022-04-01,20,27
ParlaMint-BG-en_2022-04-06-meta.tsv,2022-04-06,20,18
ParlaMint-BG-en_2022-04-07-meta.tsv,2022-04-07,18,14
ParlaMint-BG-en_2022-04-08-meta.tsv,2022-04-08,18,31
ParlaMint-BG-en_2022-04-13-meta.tsv,2022-04-13,17,22
ParlaMint-BG-en_2022-04-14-meta.tsv,2022-04-14,28,30
ParlaMint-BG-en_2022-04-15-meta.tsv,2022-04-15,22,27
ParlaMint-BG-en_2022-04-20-meta.tsv,2022-04-20,20,24
ParlaMint-BG-en_2022-04-21-meta.tsv,2022-04-21,25,24
ParlaMint-BG-en_2022-05-04-meta.tsv,2022-05-04,30,21
ParlaMint-BG-en_2022-05-05-meta.tsv,2022-05-05,22,15
ParlaMint-BG-en_2022-05-11-meta.tsv,2022-05-11,28,13
ParlaMint-BG-en_2022-05-12-meta.tsv,2022-05-12,20,8
ParlaMint-BG-en_2022-05-13-meta.tsv,2022-05-13,14,20
ParlaMint-BG-en_2022-05-18-meta.tsv,2022-05-18,21,18
ParlaMint-BG-en_2022-05-19-meta.tsv,2022-05-19,32,22
ParlaMint-BG-en_2022-05-20-meta.tsv,2022-05-20,20,20
ParlaMint-BG-en_2022-05-25-meta.tsv,2022-05-25,12,16
ParlaMint-BG-en_2022-05-26-meta.tsv,2022-05-26,13,11
ParlaMint-BG-en_2022-05-27-meta.tsv,2022-05-27,8,21
ParlaMint-BG-en_2022-06-01-meta.tsv,2022-06-01,23,13
ParlaMint-BG-en_2022-06-02-meta.tsv,2022-06-02,29,14
ParlaMint-BG-en_2022-06-03-meta.tsv,2022-06-03,13,23
ParlaMint-BG-en_2022-06-08-meta.tsv,2022-06-08,19,15
ParlaMint-BG-en_2022-06-09-meta.tsv,2022-06-09,18,20
ParlaMint-BG-en_2022-06-10-meta.tsv,2022-06-10,16,22
ParlaMint-BG-en_2022-06-15-meta.tsv,2022-06-15,27,30
ParlaMint-BG-en_2022-06-16-meta.tsv,2022-06-16,38,22
ParlaMint-BG-en_2022-06-17-meta.tsv,2022-06-17,17,16
ParlaMint-BG-en_2022-06-21-meta.tsv,2022-06-21,22,20
ParlaMint-BG-en_2022-06-22-meta.tsv,2022-06-22,3,2
ParlaMint-BG-en_2022-06-24-meta.tsv,2022-06-24,29,29
ParlaMint-BG-en_2022-06-28-meta.tsv,2022-06-28,11,9
ParlaMint-BG-en_2022-06-29-meta.tsv,2022-06-29,24,23
ParlaMint-BG-en_2022-06-30-meta.tsv,2022-06-30,23,38
ParlaMint-BG-en_2022-07-01-meta.tsv,2022-07-01,21,21
ParlaMint-BG-en_2022-07-06-meta.tsv,2022-07-06,22,6
ParlaMint-BG-en_2022-07-07-meta.tsv,2022-07-07,9,9
ParlaMint-BG-en_2022-07-08-meta.tsv,2022-07-08,20,16
ParlaMint-BG-en_2022-07-13-meta.tsv,2022-07-13,33,25
ParlaMint-BG-en_2022-07-14-meta.tsv,2022-07-14,26,29
ParlaMint-BG-en_2022-07-15-meta.tsv,2022-07-15,25,22
ParlaMint-BG-en_2022-07-20-meta.tsv,2022-07-20,25,25
ParlaMint-BG-en_2022-07-21-meta.tsv,2022-07-21,19,25
ParlaMint-BG-en_2022-07-22-meta.tsv,2022-07-22,20,34
ParlaMint-BG-en_2022-07-27-meta.tsv,2022-07-27,22,19
ParlaMint-BG-en_2022-07-28-meta.tsv,2022-07-28,24,16
ParlaMint-BG-en_2022-07-29-meta.tsv,2022-07-29,26,7
